Protocol,Line,Source
,|   SSLv3:,ssl_enum_192_168_1_1_parsed.csv
,|       64-bit block cipher 3DES vulnerable to SWEET32 attack,ssl_enum_192_168_1_1_parsed.csv
,|       64-bit block cipher DES vulnerable to SWEET32 attack,ssl_enum_192_168_1_1_parsed.csv
,|       64-bit block cipher IDEA vulnerable to SWEET32 attack,ssl_enum_192_168_1_1_parsed.csv
,|       CBC-mode cipher in SSLv3 (CVE-2014-3566),ssl_enum_192_168_1_1_parsed.csv
,|       Ciphersuite uses MD5 for message integrity,ssl_enum_192_168_1_1_parsed.csv
