Protocol,Line
,|   SSLv3:
,|       64-bit block cipher 3DES vulnerable to SWEET32 attack
,|       64-bit block cipher DES vulnerable to SWEET32 attack
,|       64-bit block cipher IDEA vulnerable to SWEET32 attack
,|       CBC-mode cipher in SSLv3 (CVE-2014-3566)
,|       Ciphersuite uses MD5 for message integrity
,|       64-bit block cipher 3DES vulnerable to SWEET32 attack
,|       64-bit block cipher DES vulnerable to SWEET32 attack
,|       64-bit block cipher IDEA vulnerable to SWEET32 attack
,|       Ciphersuite uses MD5 for message integrity
,|       64-bit block cipher 3DES vulnerable to SWEET32 attack
,|       64-bit block cipher DES vulnerable to SWEET32 attack
,|       64-bit block cipher IDEA vulnerable to SWEET32 attack
,|       Ciphersuite uses MD5 for message integrity
,|       64-bit block cipher 3DES vulnerable to SWEET32 attack
,|       64-bit block cipher DES vulnerable to SWEET32 attack
,|       64-bit block cipher IDEA vulnerable to SWEET32 attack
,|       Ciphersuite uses MD5 for message integrity
