port,service,info,__source_file__,Port,Service,Version/Info,Risk,Severity,Recommended Mitigation,File,Version,Risk_Assessment,Risk_assessment,Host
21.0,ftp,Bftpd 2.2,parsed_services_fixed_192_168_1_1.csv,,,,,,,,,,,
53.0,domain,dnsmasq 2.78,parsed_services_fixed_192_168_1_1.csv,,,,,,,,,,,
80.0,http,Boa HTTPd 0.94.13,parsed_services_fixed_192_168_1_1.csv,,,,,,,,,,,
443.0,ssl,,parsed_services_fixed_192_168_1_1.csv,,,,,,,,,,,
,,,service_risk_map.csv,21,ftp,Bftpd 2.2,Weak authentication risk,Medium,Use FTPS or disable if unused,,,,,
,,,service_risk_map.csv,53,domain,dnsmasq 2.78,Unknown,Low,,,,,,
,,,service_risk_map.csv,80,http,Boa HTTPd 0.94.13,Outdated web server may allow XSS/RCE,High,Upgrade to supported version,,,,,
,,,service_risk_map.csv,443,ssl,,Unknown,Low,,,,,,
,,,host_port_summary.csv,21/tcp,ftp,,,,,vuln_scan_192_168_1_1.txt,,,,
,,,host_port_summary.csv,53/tcp,domain,,,,,vuln_scan_192_168_1_1.txt,,,,
,,,host_port_summary.csv,80/tcp,http,,,,,vuln_scan_192_168_1_1.txt,,,,
,,,host_port_summary.csv,443/tcp,https,,,,,vuln_scan_192_168_1_1.txt,,,,
,,,host_port_summary.csv,5555/tcp,freeciv,,,,,vuln_scan_192_168_1_1.txt,,,,
,,,banner_risk_analysis.csv,21/tcp,ftp,,,,,vuln_scan_192_168_1_1.txt,53/tcp,✅ No known issue detected,,
,,,banner_risk_analysis.csv,80/tcp,http,,,,,vuln_scan_192_168_1_1.txt,,✅ No known issue detected,,
,,,banner_risk_analysis.csv,443/tcp,https,,,,,vuln_scan_192_168_1_1.txt,,✅ No known issue detected,,
,,,banner_risk_analysis.csv,5555/tcp,freeciv,,,,,vuln_scan_192_168_1_1.txt,MAC,⚠️ Possible outdated version (Freeciv Unknown),,
,,,service_risk_summary.csv,21/tcp,ftp,,,,,,53/tcp,,✅ No known issue detected,192.168.1.1
,,,service_risk_summary.csv,80/tcp,http,,,,,,,,✅ No known issue detected,192.168.1.1
,,,service_risk_summary.csv,443/tcp,https,,,,,,,,✅ No known issue detected,192.168.1.1
,,,service_risk_summary.csv,5555/tcp,freeciv,,,,,,MAC,,⚠️ Possible outdated version (Freeciv Unknown),192.168.1.1
