file,port,service,version,source_file,day,risk_assessment,risk_assessment,host,port,service,info,__source_file__,version/info,risk,severity,recommended_mitigation,finding,risk_level,line,source,vuln_scan_192_168_1_1.txt
vuln_scan_192_168_1_1.txt,21/tcp,ftp,53/tcp,banner_extract.csv,Day10,N/A,N/A,N/A,N/A,N/A,N/A,N/A,N/A,N/A,N/A,N/A,N/A,N/A,N/A,N/A,N/A
vuln_scan_192_168_1_1.txt,80/tcp,http,N/A,banner_extract.csv,Day10,N/A,N/A,N/A,N/A,N/A,N/A,N/A,N/A,N/A,N/A,N/A,N/A,N/A,N/A,N/A,N/A
vuln_scan_192_168_1_1.txt,443/tcp,https,N/A,banner_extract.csv,Day10,N/A,N/A,N/A,N/A,N/A,N/A,N/A,N/A,N/A,N/A,N/A,N/A,N/A,N/A,N/A,N/A
vuln_scan_192_168_1_1.txt,5555/tcp,freeciv,MAC,banner_extract.csv,Day10,N/A,N/A,N/A,N/A,N/A,N/A,N/A,N/A,N/A,N/A,N/A,N/A,N/A,N/A,N/A,N/A
vuln_scan_192_168_1_1.txt,21/tcp,ftp,53/tcp,banner_risk_analysis.csv,Day10,✅ No known issue detected,N/A,N/A,N/A,N/A,N/A,N/A,N/A,N/A,N/A,N/A,N/A,N/A,N/A,N/A,N/A
vuln_scan_192_168_1_1.txt,80/tcp,http,N/A,banner_risk_analysis.csv,Day10,✅ No known issue detected,N/A,N/A,N/A,N/A,N/A,N/A,N/A,N/A,N/A,N/A,N/A,N/A,N/A,N/A,N/A
vuln_scan_192_168_1_1.txt,443/tcp,https,N/A,banner_risk_analysis.csv,Day10,✅ No known issue detected,N/A,N/A,N/A,N/A,N/A,N/A,N/A,N/A,N/A,N/A,N/A,N/A,N/A,N/A,N/A
vuln_scan_192_168_1_1.txt,5555/tcp,freeciv,MAC,banner_risk_analysis.csv,Day10,⚠️ Possible outdated version (Freeciv Unknown),N/A,N/A,N/A,N/A,N/A,N/A,N/A,N/A,N/A,N/A,N/A,N/A,N/A,N/A,N/A
N/A,21/tcp,ftp,53/tcp,service_risk_summary.csv,Day10,N/A,✅ No known issue detected,192.168.1.1,N/A,N/A,N/A,N/A,N/A,N/A,N/A,N/A,N/A,N/A,N/A,N/A,N/A
N/A,80/tcp,http,N/A,service_risk_summary.csv,Day10,N/A,✅ No known issue detected,192.168.1.1,N/A,N/A,N/A,N/A,N/A,N/A,N/A,N/A,N/A,N/A,N/A,N/A,N/A
N/A,443/tcp,https,N/A,service_risk_summary.csv,Day10,N/A,✅ No known issue detected,192.168.1.1,N/A,N/A,N/A,N/A,N/A,N/A,N/A,N/A,N/A,N/A,N/A,N/A,N/A
N/A,5555/tcp,freeciv,MAC,service_risk_summary.csv,Day10,N/A,⚠️ Possible outdated version (Freeciv Unknown),192.168.1.1,N/A,N/A,N/A,N/A,N/A,N/A,N/A,N/A,N/A,N/A,N/A,N/A,N/A
N/A,N/A,N/A,N/A,day11_master_summary.csv,Day11,N/A,N/A,N/A,21.0,ftp,Bftpd 2.2,parsed_services_fixed_192_168_1_1.csv,N/A,N/A,N/A,N/A,N/A,N/A,N/A,N/A,N/A
N/A,N/A,N/A,N/A,day11_master_summary.csv,Day11,N/A,N/A,N/A,53.0,domain,dnsmasq 2.78,parsed_services_fixed_192_168_1_1.csv,N/A,N/A,N/A,N/A,N/A,N/A,N/A,N/A,N/A
N/A,N/A,N/A,N/A,day11_master_summary.csv,Day11,N/A,N/A,N/A,80.0,http,Boa HTTPd 0.94.13,parsed_services_fixed_192_168_1_1.csv,N/A,N/A,N/A,N/A,N/A,N/A,N/A,N/A,N/A
N/A,N/A,N/A,N/A,day11_master_summary.csv,Day11,N/A,N/A,N/A,443.0,ssl,N/A,parsed_services_fixed_192_168_1_1.csv,N/A,N/A,N/A,N/A,N/A,N/A,N/A,N/A,N/A
N/A,21,ftp,N/A,day11_master_summary.csv,Day11,N/A,N/A,N/A,N/A,N/A,N/A,service_risk_map.csv,Bftpd 2.2,Weak authentication risk,Medium,Use FTPS or disable if unused,N/A,N/A,N/A,N/A,N/A
N/A,53,domain,N/A,day11_master_summary.csv,Day11,N/A,N/A,N/A,N/A,N/A,N/A,service_risk_map.csv,dnsmasq 2.78,Unknown,Low,N/A,N/A,N/A,N/A,N/A,N/A
N/A,80,http,N/A,day11_master_summary.csv,Day11,N/A,N/A,N/A,N/A,N/A,N/A,service_risk_map.csv,Boa HTTPd 0.94.13,Outdated web server may allow XSS/RCE,High,Upgrade to supported version,N/A,N/A,N/A,N/A,N/A
N/A,443,ssl,N/A,day11_master_summary.csv,Day11,N/A,N/A,N/A,N/A,N/A,N/A,service_risk_map.csv,N/A,Unknown,Low,N/A,N/A,N/A,N/A,N/A,N/A
vuln_scan_192_168_1_1.txt,21/tcp,ftp,N/A,day11_master_summary.csv,Day11,N/A,N/A,N/A,N/A,N/A,N/A,host_port_summary.csv,N/A,N/A,N/A,N/A,N/A,N/A,N/A,N/A,N/A
vuln_scan_192_168_1_1.txt,53/tcp,domain,N/A,day11_master_summary.csv,Day11,N/A,N/A,N/A,N/A,N/A,N/A,host_port_summary.csv,N/A,N/A,N/A,N/A,N/A,N/A,N/A,N/A,N/A
vuln_scan_192_168_1_1.txt,80/tcp,http,N/A,day11_master_summary.csv,Day11,N/A,N/A,N/A,N/A,N/A,N/A,host_port_summary.csv,N/A,N/A,N/A,N/A,N/A,N/A,N/A,N/A,N/A
vuln_scan_192_168_1_1.txt,443/tcp,https,N/A,day11_master_summary.csv,Day11,N/A,N/A,N/A,N/A,N/A,N/A,host_port_summary.csv,N/A,N/A,N/A,N/A,N/A,N/A,N/A,N/A,N/A
vuln_scan_192_168_1_1.txt,5555/tcp,freeciv,N/A,day11_master_summary.csv,Day11,N/A,N/A,N/A,N/A,N/A,N/A,host_port_summary.csv,N/A,N/A,N/A,N/A,N/A,N/A,N/A,N/A,N/A
vuln_scan_192_168_1_1.txt,21/tcp,ftp,53/tcp,day11_master_summary.csv,Day11,✅ No known issue detected,N/A,N/A,N/A,N/A,N/A,banner_risk_analysis.csv,N/A,N/A,N/A,N/A,N/A,N/A,N/A,N/A,N/A
vuln_scan_192_168_1_1.txt,80/tcp,http,N/A,day11_master_summary.csv,Day11,✅ No known issue detected,N/A,N/A,N/A,N/A,N/A,banner_risk_analysis.csv,N/A,N/A,N/A,N/A,N/A,N/A,N/A,N/A,N/A
vuln_scan_192_168_1_1.txt,443/tcp,https,N/A,day11_master_summary.csv,Day11,✅ No known issue detected,N/A,N/A,N/A,N/A,N/A,banner_risk_analysis.csv,N/A,N/A,N/A,N/A,N/A,N/A,N/A,N/A,N/A
vuln_scan_192_168_1_1.txt,5555/tcp,freeciv,MAC,day11_master_summary.csv,Day11,⚠️ Possible outdated version (Freeciv Unknown),N/A,N/A,N/A,N/A,N/A,banner_risk_analysis.csv,N/A,N/A,N/A,N/A,N/A,N/A,N/A,N/A,N/A
N/A,21/tcp,ftp,53/tcp,day11_master_summary.csv,Day11,N/A,✅ No known issue detected,192.168.1.1,N/A,N/A,N/A,service_risk_summary.csv,N/A,N/A,N/A,N/A,N/A,N/A,N/A,N/A,N/A
N/A,80/tcp,http,N/A,day11_master_summary.csv,Day11,N/A,✅ No known issue detected,192.168.1.1,N/A,N/A,N/A,service_risk_summary.csv,N/A,N/A,N/A,N/A,N/A,N/A,N/A,N/A,N/A
N/A,443/tcp,https,N/A,day11_master_summary.csv,Day11,N/A,✅ No known issue detected,192.168.1.1,N/A,N/A,N/A,service_risk_summary.csv,N/A,N/A,N/A,N/A,N/A,N/A,N/A,N/A,N/A
N/A,5555/tcp,freeciv,MAC,day11_master_summary.csv,Day11,N/A,⚠️ Possible outdated version (Freeciv Unknown),192.168.1.1,N/A,N/A,N/A,service_risk_summary.csv,N/A,N/A,N/A,N/A,N/A,N/A,N/A,N/A,N/A
N/A,N/A,N/A,N/A,master_vulnerability_summary.csv,Day12,N/A,N/A,N/A,N/A,N/A,N/A,N/A,N/A,N/A,N/A,N/A,|   After NULL UDP avahi packet DoS (CVE-2011-1002).,Info,N/A,N/A,N/A
N/A,N/A,N/A,N/A,vuln_summary_192_168_1_1.csv,Day12,N/A,N/A,N/A,N/A,N/A,N/A,N/A,N/A,N/A,N/A,N/A,|   After NULL UDP avahi packet DoS (CVE-2011-1002).,N/A,N/A,N/A,N/A
N/A,N/A,N/A,N/A,vuln_summary_classified.csv,Day12,N/A,N/A,N/A,N/A,N/A,N/A,N/A,N/A,N/A,N/A,N/A,|   After NULL UDP avahi packet DoS (CVE-2011-1002).,Info,N/A,N/A,N/A
N/A,N/A,N/A,N/A,master_consolidated_day13.csv,Day13,N/A,N/A,N/A,N/A,N/A,N/A,N/A,N/A,N/A,N/A,N/A,N/A,N/A,|   SSLv3:,ssl_enum_192_168_1_1_parsed.csv,N/A
N/A,N/A,N/A,N/A,master_consolidated_day13.csv,Day13,N/A,N/A,N/A,N/A,N/A,N/A,N/A,N/A,N/A,N/A,N/A,N/A,N/A,|       64-bit block cipher 3DES vulnerable to SWEET32 attack,ssl_enum_192_168_1_1_parsed.csv,N/A
N/A,N/A,N/A,N/A,master_consolidated_day13.csv,Day13,N/A,N/A,N/A,N/A,N/A,N/A,N/A,N/A,N/A,N/A,N/A,N/A,N/A,|       64-bit block cipher DES vulnerable to SWEET32 attack,ssl_enum_192_168_1_1_parsed.csv,N/A
N/A,N/A,N/A,N/A,master_consolidated_day13.csv,Day13,N/A,N/A,N/A,N/A,N/A,N/A,N/A,N/A,N/A,N/A,N/A,N/A,N/A,|       64-bit block cipher IDEA vulnerable to SWEET32 attack,ssl_enum_192_168_1_1_parsed.csv,N/A
N/A,N/A,N/A,N/A,master_consolidated_day13.csv,Day13,N/A,N/A,N/A,N/A,N/A,N/A,N/A,N/A,N/A,N/A,N/A,N/A,N/A,|       CBC-mode cipher in SSLv3 (CVE-2014-3566),ssl_enum_192_168_1_1_parsed.csv,N/A
N/A,N/A,N/A,N/A,master_consolidated_day13.csv,Day13,N/A,N/A,N/A,N/A,N/A,N/A,N/A,N/A,N/A,N/A,N/A,N/A,N/A,|       Ciphersuite uses MD5 for message integrity,ssl_enum_192_168_1_1_parsed.csv,N/A
N/A,N/A,N/A,N/A,ssl_enum_192_168_1_1_parsed.csv,Day13,N/A,N/A,N/A,N/A,N/A,N/A,N/A,N/A,N/A,N/A,N/A,N/A,N/A,|   SSLv3:,N/A,N/A
N/A,N/A,N/A,N/A,ssl_enum_192_168_1_1_parsed.csv,Day13,N/A,N/A,N/A,N/A,N/A,N/A,N/A,N/A,N/A,N/A,N/A,N/A,N/A,|       64-bit block cipher 3DES vulnerable to SWEET32 attack,N/A,N/A
N/A,N/A,N/A,N/A,ssl_enum_192_168_1_1_parsed.csv,Day13,N/A,N/A,N/A,N/A,N/A,N/A,N/A,N/A,N/A,N/A,N/A,N/A,N/A,|       64-bit block cipher DES vulnerable to SWEET32 attack,N/A,N/A
N/A,N/A,N/A,N/A,ssl_enum_192_168_1_1_parsed.csv,Day13,N/A,N/A,N/A,N/A,N/A,N/A,N/A,N/A,N/A,N/A,N/A,N/A,N/A,|       64-bit block cipher IDEA vulnerable to SWEET32 attack,N/A,N/A
N/A,N/A,N/A,N/A,ssl_enum_192_168_1_1_parsed.csv,Day13,N/A,N/A,N/A,N/A,N/A,N/A,N/A,N/A,N/A,N/A,N/A,N/A,N/A,|       CBC-mode cipher in SSLv3 (CVE-2014-3566),N/A,N/A
N/A,N/A,N/A,N/A,ssl_enum_192_168_1_1_parsed.csv,Day13,N/A,N/A,N/A,N/A,N/A,N/A,N/A,N/A,N/A,N/A,N/A,N/A,N/A,|       Ciphersuite uses MD5 for message integrity,N/A,N/A
N/A,N/A,N/A,N/A,parsed_services_fixed_192_168_1_1.csv,Day8,N/A,N/A,N/A,21.0,ftp,Bftpd 2.2,N/A,N/A,N/A,N/A,N/A,N/A,N/A,N/A,N/A,N/A
N/A,N/A,N/A,N/A,parsed_services_fixed_192_168_1_1.csv,Day8,N/A,N/A,N/A,53.0,domain,dnsmasq 2.78,N/A,N/A,N/A,N/A,N/A,N/A,N/A,N/A,N/A,N/A
N/A,N/A,N/A,N/A,parsed_services_fixed_192_168_1_1.csv,Day8,N/A,N/A,N/A,80.0,http,Boa HTTPd 0.94.13,N/A,N/A,N/A,N/A,N/A,N/A,N/A,N/A,N/A,N/A
N/A,N/A,N/A,N/A,parsed_services_fixed_192_168_1_1.csv,Day8,N/A,N/A,N/A,443.0,ssl,N/A,N/A,N/A,N/A,N/A,N/A,N/A,N/A,N/A,N/A,N/A
N/A,21,ftp,N/A,service_risk_map.csv,Day8,N/A,N/A,N/A,N/A,N/A,N/A,N/A,Bftpd 2.2,Weak authentication risk,Medium,Use FTPS or disable if unused,N/A,N/A,N/A,N/A,N/A
N/A,53,domain,N/A,service_risk_map.csv,Day8,N/A,N/A,N/A,N/A,N/A,N/A,N/A,dnsmasq 2.78,Unknown,Low,N/A,N/A,N/A,N/A,N/A,N/A
N/A,80,http,N/A,service_risk_map.csv,Day8,N/A,N/A,N/A,N/A,N/A,N/A,N/A,Boa HTTPd 0.94.13,Outdated web server may allow XSS/RCE,High,Upgrade to supported version,N/A,N/A,N/A,N/A,N/A
N/A,443,ssl,N/A,service_risk_map.csv,Day8,N/A,N/A,N/A,N/A,N/A,N/A,N/A,N/A,Unknown,Low,N/A,N/A,N/A,N/A,N/A,N/A
N/A,21/tcp,N/A,N/A,cross_host_comparison.csv,Day9,N/A,N/A,N/A,N/A,N/A,N/A,N/A,N/A,N/A,N/A,N/A,N/A,N/A,N/A,N/A,ftp
N/A,443/tcp,N/A,N/A,cross_host_comparison.csv,Day9,N/A,N/A,N/A,N/A,N/A,N/A,N/A,N/A,N/A,N/A,N/A,N/A,N/A,N/A,N/A,https
N/A,53/tcp,N/A,N/A,cross_host_comparison.csv,Day9,N/A,N/A,N/A,N/A,N/A,N/A,N/A,N/A,N/A,N/A,N/A,N/A,N/A,N/A,N/A,domain
N/A,5555/tcp,N/A,N/A,cross_host_comparison.csv,Day9,N/A,N/A,N/A,N/A,N/A,N/A,N/A,N/A,N/A,N/A,N/A,N/A,N/A,N/A,N/A,freeciv
N/A,80/tcp,N/A,N/A,cross_host_comparison.csv,Day9,N/A,N/A,N/A,N/A,N/A,N/A,N/A,N/A,N/A,N/A,N/A,N/A,N/A,N/A,N/A,http
vuln_scan_192_168_1_1.txt,21/tcp,ftp,N/A,host_port_summary.csv,Day9,N/A,N/A,N/A,N/A,N/A,N/A,N/A,N/A,N/A,N/A,N/A,N/A,N/A,N/A,N/A,N/A
vuln_scan_192_168_1_1.txt,53/tcp,domain,N/A,host_port_summary.csv,Day9,N/A,N/A,N/A,N/A,N/A,N/A,N/A,N/A,N/A,N/A,N/A,N/A,N/A,N/A,N/A,N/A
vuln_scan_192_168_1_1.txt,80/tcp,http,N/A,host_port_summary.csv,Day9,N/A,N/A,N/A,N/A,N/A,N/A,N/A,N/A,N/A,N/A,N/A,N/A,N/A,N/A,N/A,N/A
vuln_scan_192_168_1_1.txt,443/tcp,https,N/A,host_port_summary.csv,Day9,N/A,N/A,N/A,N/A,N/A,N/A,N/A,N/A,N/A,N/A,N/A,N/A,N/A,N/A,N/A,N/A
vuln_scan_192_168_1_1.txt,5555/tcp,freeciv,N/A,host_port_summary.csv,Day9,N/A,N/A,N/A,N/A,N/A,N/A,N/A,N/A,N/A,N/A,N/A,N/A,N/A,N/A,N/A,N/A
