File,Port,Service,Version,Source_File,Day,Risk_Assessment,Risk_assessment,Host,port,service,info,__source_file__,Version/Info,Risk,Severity,Recommended Mitigation,Finding,Risk_Level,Protocol,Line,Source,info\n,vuln_scan_192_168_1_1.txt
vuln_scan_192_168_1_1.txt,21/tcp,ftp,53/tcp,banner_extract.csv,Day10,,,,,,,,,,,,,,,,,,
vuln_scan_192_168_1_1.txt,80/tcp,http,,banner_extract.csv,Day10,,,,,,,,,,,,,,,,,,
vuln_scan_192_168_1_1.txt,443/tcp,https,,banner_extract.csv,Day10,,,,,,,,,,,,,,,,,,
vuln_scan_192_168_1_1.txt,5555/tcp,freeciv,MAC,banner_extract.csv,Day10,,,,,,,,,,,,,,,,,,
vuln_scan_192_168_1_1.txt,21/tcp,ftp,53/tcp,banner_risk_analysis.csv,Day10,✅ No known issue detected,,,,,,,,,,,,,,,,,
vuln_scan_192_168_1_1.txt,80/tcp,http,,banner_risk_analysis.csv,Day10,✅ No known issue detected,,,,,,,,,,,,,,,,,
vuln_scan_192_168_1_1.txt,443/tcp,https,,banner_risk_analysis.csv,Day10,✅ No known issue detected,,,,,,,,,,,,,,,,,
vuln_scan_192_168_1_1.txt,5555/tcp,freeciv,MAC,banner_risk_analysis.csv,Day10,⚠️ Possible outdated version (Freeciv Unknown),,,,,,,,,,,,,,,,,
,21/tcp,ftp,53/tcp,service_risk_summary.csv,Day10,,✅ No known issue detected,192.168.1.1,,,,,,,,,,,,,,,
,80/tcp,http,,service_risk_summary.csv,Day10,,✅ No known issue detected,192.168.1.1,,,,,,,,,,,,,,,
,443/tcp,https,,service_risk_summary.csv,Day10,,✅ No known issue detected,192.168.1.1,,,,,,,,,,,,,,,
,5555/tcp,freeciv,MAC,service_risk_summary.csv,Day10,,⚠️ Possible outdated version (Freeciv Unknown),192.168.1.1,,,,,,,,,,,,,,,
,,,,day11_master_summary.csv,Day11,,,,21.0,ftp,Bftpd 2.2,parsed_services_fixed_192_168_1_1.csv,,,,,,,,,,,
,,,,day11_master_summary.csv,Day11,,,,53.0,domain,dnsmasq 2.78,parsed_services_fixed_192_168_1_1.csv,,,,,,,,,,,
,,,,day11_master_summary.csv,Day11,,,,80.0,http,Boa HTTPd 0.94.13,parsed_services_fixed_192_168_1_1.csv,,,,,,,,,,,
,,,,day11_master_summary.csv,Day11,,,,443.0,ssl,,parsed_services_fixed_192_168_1_1.csv,,,,,,,,,,,
,21,ftp,,day11_master_summary.csv,Day11,,,,,,,service_risk_map.csv,Bftpd 2.2,Weak authentication risk,Medium,Use FTPS or disable if unused,,,,,,,
,53,domain,,day11_master_summary.csv,Day11,,,,,,,service_risk_map.csv,dnsmasq 2.78,Unknown,Low,,,,,,,,
,80,http,,day11_master_summary.csv,Day11,,,,,,,service_risk_map.csv,Boa HTTPd 0.94.13,Outdated web server may allow XSS/RCE,High,Upgrade to supported version,,,,,,,
,443,ssl,,day11_master_summary.csv,Day11,,,,,,,service_risk_map.csv,,Unknown,Low,,,,,,,,
vuln_scan_192_168_1_1.txt,21/tcp,ftp,,day11_master_summary.csv,Day11,,,,,,,host_port_summary.csv,,,,,,,,,,,
vuln_scan_192_168_1_1.txt,53/tcp,domain,,day11_master_summary.csv,Day11,,,,,,,host_port_summary.csv,,,,,,,,,,,
vuln_scan_192_168_1_1.txt,80/tcp,http,,day11_master_summary.csv,Day11,,,,,,,host_port_summary.csv,,,,,,,,,,,
vuln_scan_192_168_1_1.txt,443/tcp,https,,day11_master_summary.csv,Day11,,,,,,,host_port_summary.csv,,,,,,,,,,,
vuln_scan_192_168_1_1.txt,5555/tcp,freeciv,,day11_master_summary.csv,Day11,,,,,,,host_port_summary.csv,,,,,,,,,,,
vuln_scan_192_168_1_1.txt,21/tcp,ftp,53/tcp,day11_master_summary.csv,Day11,✅ No known issue detected,,,,,,banner_risk_analysis.csv,,,,,,,,,,,
vuln_scan_192_168_1_1.txt,80/tcp,http,,day11_master_summary.csv,Day11,✅ No known issue detected,,,,,,banner_risk_analysis.csv,,,,,,,,,,,
vuln_scan_192_168_1_1.txt,443/tcp,https,,day11_master_summary.csv,Day11,✅ No known issue detected,,,,,,banner_risk_analysis.csv,,,,,,,,,,,
vuln_scan_192_168_1_1.txt,5555/tcp,freeciv,MAC,day11_master_summary.csv,Day11,⚠️ Possible outdated version (Freeciv Unknown),,,,,,banner_risk_analysis.csv,,,,,,,,,,,
,21/tcp,ftp,53/tcp,day11_master_summary.csv,Day11,,✅ No known issue detected,192.168.1.1,,,,service_risk_summary.csv,,,,,,,,,,,
,80/tcp,http,,day11_master_summary.csv,Day11,,✅ No known issue detected,192.168.1.1,,,,service_risk_summary.csv,,,,,,,,,,,
,443/tcp,https,,day11_master_summary.csv,Day11,,✅ No known issue detected,192.168.1.1,,,,service_risk_summary.csv,,,,,,,,,,,
,5555/tcp,freeciv,MAC,day11_master_summary.csv,Day11,,⚠️ Possible outdated version (Freeciv Unknown),192.168.1.1,,,,service_risk_summary.csv,,,,,,,,,,,
,,,,master_vulnerability_summary.csv,Day12,,,,,,,,,,,,|   After NULL UDP avahi packet DoS (CVE-2011-1002).,Info,,,,,
,,,,vuln_summary_192_168_1_1.csv,Day12,,,,,,,,,,,,|   After NULL UDP avahi packet DoS (CVE-2011-1002).,,,,,,
,,,,vuln_summary_classified.csv,Day12,,,,,,,,,,,,|   After NULL UDP avahi packet DoS (CVE-2011-1002).,Info,,,,,
,,,,master_consolidated_day13.csv,Day13,,,,,,,,,,,,,,,|   SSLv3:,ssl_enum_192_168_1_1_parsed.csv,,
,,,,master_consolidated_day13.csv,Day13,,,,,,,,,,,,,,,|       64-bit block cipher 3DES vulnerable to SWEET32 attack,ssl_enum_192_168_1_1_parsed.csv,,
,,,,master_consolidated_day13.csv,Day13,,,,,,,,,,,,,,,|       64-bit block cipher DES vulnerable to SWEET32 attack,ssl_enum_192_168_1_1_parsed.csv,,
,,,,master_consolidated_day13.csv,Day13,,,,,,,,,,,,,,,|       64-bit block cipher IDEA vulnerable to SWEET32 attack,ssl_enum_192_168_1_1_parsed.csv,,
,,,,master_consolidated_day13.csv,Day13,,,,,,,,,,,,,,,|       CBC-mode cipher in SSLv3 (CVE-2014-3566),ssl_enum_192_168_1_1_parsed.csv,,
,,,,master_consolidated_day13.csv,Day13,,,,,,,,,,,,,,,|       Ciphersuite uses MD5 for message integrity,ssl_enum_192_168_1_1_parsed.csv,,
,,,,ssl_enum_192_168_1_1_parsed.csv,Day13,,,,,,,,,,,,,,,|   SSLv3:,,,
,,,,ssl_enum_192_168_1_1_parsed.csv,Day13,,,,,,,,,,,,,,,|       64-bit block cipher 3DES vulnerable to SWEET32 attack,,,
,,,,ssl_enum_192_168_1_1_parsed.csv,Day13,,,,,,,,,,,,,,,|       64-bit block cipher DES vulnerable to SWEET32 attack,,,
,,,,ssl_enum_192_168_1_1_parsed.csv,Day13,,,,,,,,,,,,,,,|       64-bit block cipher IDEA vulnerable to SWEET32 attack,,,
,,,,ssl_enum_192_168_1_1_parsed.csv,Day13,,,,,,,,,,,,,,,|       CBC-mode cipher in SSLv3 (CVE-2014-3566),,,
,,,,ssl_enum_192_168_1_1_parsed.csv,Day13,,,,,,,,,,,,,,,|       Ciphersuite uses MD5 for message integrity,,,
,,,,parsed_services_fixed_192_168_1_1.csv,Day8,,,,21.0,ftp,Bftpd 2.2,,,,,,,,,,,,
,,,,parsed_services_fixed_192_168_1_1.csv,Day8,,,,53.0,domain,dnsmasq 2.78,,,,,,,,,,,,
,,,,parsed_services_fixed_192_168_1_1.csv,Day8,,,,80.0,http,Boa HTTPd 0.94.13,,,,,,,,,,,,
,,,,parsed_services_fixed_192_168_1_1.csv,Day8,,,,443.0,ssl,,,,,,,,,,,,,
,21,ftp,,service_risk_map.csv,Day8,,,,,,,,Bftpd 2.2,Weak authentication risk,Medium,Use FTPS or disable if unused,,,,,,,
,53,domain,,service_risk_map.csv,Day8,,,,,,,,dnsmasq 2.78,Unknown,Low,,,,,,,,
,80,http,,service_risk_map.csv,Day8,,,,,,,,Boa HTTPd 0.94.13,Outdated web server may allow XSS/RCE,High,Upgrade to supported version,,,,,,,
,443,ssl,,service_risk_map.csv,Day8,,,,,,,,,Unknown,Low,,,,,,,,
,21/tcp,,,cross_host_comparison.csv,Day9,,,,,,,,,,,,,,,,,,ftp
,443/tcp,,,cross_host_comparison.csv,Day9,,,,,,,,,,,,,,,,,,https
,53/tcp,,,cross_host_comparison.csv,Day9,,,,,,,,,,,,,,,,,,domain
,5555/tcp,,,cross_host_comparison.csv,Day9,,,,,,,,,,,,,,,,,,freeciv
,80/tcp,,,cross_host_comparison.csv,Day9,,,,,,,,,,,,,,,,,,http
vuln_scan_192_168_1_1.txt,21/tcp,ftp,,host_port_summary.csv,Day9,,,,,,,,,,,,,,,,,,
vuln_scan_192_168_1_1.txt,53/tcp,domain,,host_port_summary.csv,Day9,,,,,,,,,,,,,,,,,,
vuln_scan_192_168_1_1.txt,80/tcp,http,,host_port_summary.csv,Day9,,,,,,,,,,,,,,,,,,
vuln_scan_192_168_1_1.txt,443/tcp,https,,host_port_summary.csv,Day9,,,,,,,,,,,,,,,,,,
vuln_scan_192_168_1_1.txt,5555/tcp,freeciv,,host_port_summary.csv,Day9,,,,,,,,,,,,,,,,,,
